"client_id","account_id","status","http_code","response_message"
"36","3","FORBIDDEN","403","{""message"":""Access denied to modify user 2261"",""error"":""Forbidden"",""statusCode"":403}" >> Xavier Baquero.
"40","3","NETWORK_ERROR","0","HTTPSConnectionPool(host='appv2.huntertrack.com.do', port=443): Read timed out. (read timeout=30)" No existe
"148","3","NETWORK_ERROR","0","HTTPSConnectionPool(host='appv2.huntertrack.com.do', port=443): Read timed out. (read timeout=30)" No existe
"149","3","NETWORK_ERROR","0","HTTPSConnectionPool(host='appv2.huntertrack.com.do', port=443): Read timed out. (read timeout=30)" No existe
"219","3","NETWORK_ERROR","0","HTTPSConnectionPool(host='appv2.huntertrack.com.do', port=443): Read timed out. (read timeout=30)" No existe
"229","3","NETWORK_ERROR","0","HTTPSConnectionPool(host='appv2.huntertrack.com.do', port=443): Read timed out. (read timeout=30)" No existe
"2460","3","NETWORK_ERROR","0","HTTPSConnectionPool(host='appv2.huntertrack.com.do', port=443): Read timed out. (read timeout=30)" No existe
"472","3","NETWORK_ERROR","0","HTTPSConnectionPool(host='appv2.huntertrack.com.do', port=443): Read timed out. (read timeout=30)" No existe
"473","3","NETWORK_ERROR","0","HTTPSConnectionPool(host='appv2.huntertrack.com.do', port=443): Read timed out. (read timeout=30)" No existe
"529","3","NETWORK_ERROR","0","HTTPSConnectionPool(host='appv2.huntertrack.com.do', port=443): Read timed out. (read timeout=30)" No existe
"540","3","FORBIDDEN","403","{""message"":""Access denied to modify user 786"",""error"":""Forbidden"",""statusCode"":403}"	  Ok por Front.
"611","3","NETWORK_ERROR","0","HTTPSConnectionPool(host='appv2.huntertrack.com.do', port=443): Read timed out. (read timeout=60)" No existe
"613","3","NOT_FOUND","404","{""message"":""Client 613 not found"",""error"":""Not Found"",""statusCode"":404}"			  No existe
"614","3","NOT_FOUND","404","{""message"":""Client 614 not found"",""error"":""Not Found"",""statusCode"":404}"		No existe
"615","3","NOT_FOUND","404","{""message"":""Client 615 not found"",""error"":""Not Found"",""statusCode"":404}"		No existe
"616","3","NOT_FOUND","404","{""message"":""Client 616 not found"",""error"":""Not Found"",""statusCode"":404}"		No existe
"618","3","NOT_FOUND","404","{""message"":""Client 618 not found"",""error"":""Not Found"",""statusCode"":404}"		No existe
"619","3","NOT_FOUND","404","{""message"":""Client 619 not found"",""error"":""Not Found"",""statusCode"":404}"		No existe
"621","3","NETWORK_ERROR","0","HTTPSConnectionPool(host='appv2.huntertrack.com.do', port=443): Read timed out. (read timeout=60)"	No existe
"622","3","NETWORK_ERROR","0","HTTPSConnectionPool(host='appv2.huntertrack.com.do', port=443): Read timed out. (read timeout=60)"	No existe
"623","3","NETWORK_ERROR","0","HTTPSConnectionPool(host='appv2.huntertrack.com.do', port=443): Read timed out. (read timeout=60)"	No existe
"624","3","NETWORK_ERROR","0","HTTPSConnectionPool(host='appv2.huntertrack.com.do', port=443): Read timed out. (read timeout=60)"	No existe
"626","3","NOT_FOUND","404","{""message"":""Geofence class 528 not found"",""error"":""Not Found"",""statusCode"":404}"		No existe	
"713","3","NETWORK_ERROR","0","HTTPSConnectionPool(host='appv2.huntertrack.com.do', port=443): Read timed out. (read timeout=60)"	No existe
"714","3","NETWORK_ERROR","0","HTTPSConnectionPool(host='appv2.huntertrack.com.do', port=443): Read timed out. (read timeout=60)"	No existe
"728","3","NOT_PROCESSED","0","No procesado en ninguna ejecucion"	Ok por Front.
"755","3","NOT_FOUND","404","{""message"":""Geofence class 646 not found"",""error"":""Not Found"",""statusCode"":404}"		No existe
"1152","3","NOT_FOUND","404","{""message"":""Geofence 20028 not found"",""error"":""Not Found"",""statusCode"":404}"		No permite.
"1203","3","NOT_FOUND","404","{""message"":""Geofence class 1064 not found"",""error"":""Not Found"",""statusCode"":404}"	No existe
"1249","3","NOT_FOUND","404","{""message"":""Client 1249 not found"",""error"":""Not Found"",""statusCode"":404}"	No existe
"1399","3","NOT_FOUND","404","{""message"":""Geofence class 1247 not found"",""error"":""Not Found"",""statusCode"":404}"	No existe
"1534","3","NOT_FOUND","404","{""message"":""Client 1534 not found"",""error"":""Not Found"",""statusCode"":404}"	No existe
"1759","3","NOT_FOUND","404","{""message"":""Geofence 11794 not found"",""error"":""Not Found"",""statusCode"":404}"	No existe
"1827","3","FORBIDDEN","403","{""message"":""Access denied to modify user 2837"",""error"":""Forbidden"",""statusCode"":403}"	PRUEBAS
"2018","3","NOT_FOUND","404","{""message"":""Geofence class 1779 not found"",""error"":""Not Found"",""statusCode"":404}"	No existe
"3086","3","NOT_FOUND","404","{""message"":""Client 3086 not found"",""error"":""Not Found"",""statusCode"":404}"	No existe
"3355","3","FORBIDDEN","403","{""message"":""Access denied to modify user 5415"",""error"":""Forbidden"",""statusCode"":403}"	Ok por Front.
"3608","3","FAILED","400","{""message"":""Cannot delete user with more privileges than actual role"",""error"":""Bad Request"",""statusCode"":400}"	Ok por Front.
"3845","3","NOT_FOUND","404","{""message"":""Geofence 38127 not found"",""error"":""Not Found"",""statusCode"":404}"	No existe
"5332","3","FORBIDDEN","403","{""message"":""Access denied to modify user 8703"",""error"":""Forbidden"",""statusCode"":403}"	Ok por Front
"5591","3","FORBIDDEN","403","{""message"":""Access denied to modify user 9163"",""error"":""Forbidden"",""statusCode"":403}"	Ok por Front
"5613","3","FORBIDDEN","403","{""message"":""Access denied to modify user 9201"",""error"":""Forbidden"",""statusCode"":403}"	Ok por Front
"5998","3","FORBIDDEN","403","{""message"":""Access denied to modify user 9912"",""error"":""Forbidden"",""statusCode"":403}"	Ok por Front
"6005","3","FORBIDDEN","403","{""message"":""Access denied to modify user 9924"",""error"":""Forbidden"",""statusCode"":403}"	Ok por Front
"6294","3","FORBIDDEN","403","{""message"":""Access denied to modify user 10475"",""error"":""Forbidden"",""statusCode"":403}"	Ok por Front
"6634","3","FORBIDDEN","403","{""message"":""Access denied to modify user 10910"",""error"":""Forbidden"",""statusCode"":403}"	Ok por Front 
"6638","3","FORBIDDEN","403","{""message"":""Access denied to modify user 10913"",""error"":""Forbidden"",""statusCode"":403}"	Ok por Front
"6676","3","FORBIDDEN","403","{""message"":""Access denied to modify user 10988"",""error"":""Forbidden"",""statusCode"":403}"	Ok por Front
"6944","3","FORBIDDEN","403","{""message"":""Access denied to modify user 11580"",""error"":""Forbidden"",""statusCode"":403}"	Ok por Front
"7096","3","FORBIDDEN","403","{""message"":""Access denied to modify user 11828"",""error"":""Forbidden"",""statusCode"":403}"	Ok por Front
"7595","3","FORBIDDEN","403","{""message"":""Access denied to modify user 12606"",""error"":""Forbidden"",""statusCode"":403}"	Ok por Front
"7728","3","FORBIDDEN","403","{""message"":""Access denied to modify user 12742"",""error"":""Forbidden"",""statusCode"":403}"	Ok por Front
"7746","3","FAILED","400","{""message"":""Cannot delete user with more privileges than actual role"",""error"":""Bad Request"",""statusCode"":400}"	Ok por Front
"7869","3","FORBIDDEN","403","{""message"":""Access denied to modify user 12988"",""error"":""Forbidden"",""statusCode"":403}"	Ok por Front
"8100","3","FORBIDDEN","403","{""message"":""Access denied to modify user 25726"",""error"":""Forbidden"",""statusCode"":403}"	Ok por Front
"8167","3","FORBIDDEN","403","{""message"":""Access denied to modify user 13517"",""error"":""Forbidden"",""statusCode"":403}"	Ok por Front
"20447","3","FORBIDDEN","403","{""message"":""Access denied to modify user 21459"",""error"":""Forbidden"",""statusCode"":403}"	Ok por Front
"20449","3","FORBIDDEN","403","{""message"":""Access denied to modify user 21465"",""error"":""Forbidden"",""statusCode"":403}"	Ok por Front
"8433","3","FORBIDDEN","403","{""message"":""Access denied to modify user 13953"",""error"":""Forbidden"",""statusCode"":403}"	Ok por Front
"4482","1","FORBIDDEN","403","{""message"":""Access denied to modify client 4482"",""error"":""Forbidden"",""statusCode"":403}"	Prueba Stanis
"5720","1","FORBIDDEN","403","{""message"":""Access denied to modify client 5720"",""error"":""Forbidden"",""statusCode"":403}"	Skytech Logic
"20028","3","FAILED","400","{""message"":""Cannot delete user with more privileges than actual role"",""error"":""Bad Request"",""statusCode"":400}"	Ok por Front
"20304","3","FORBIDDEN","403","{""message"":""Access denied to modify user 21056"",""error"":""Forbidden"",""statusCode"":403}"	Ok por Front
"20249","3","FORBIDDEN","403","{""message"":""Access denied to modify user 20798"",""error"":""Forbidden"",""statusCode"":403}"	Ok por Front
"20779","3","FORBIDDEN","403","{""message"":""Access denied to modify user 22740"",""error"":""Forbidden"",""statusCode"":403}"	Ok por Front
"20791","3","FORBIDDEN","403","{""message"":""Access denied to modify user 22763"",""error"":""Forbidden"",""statusCode"":403}"	Ok por Front
"21151","3","FORBIDDEN","403","{""message"":""Access denied to modify user 23894"",""error"":""Forbidden"",""statusCode"":403}"	Ok por Front
"21184","3","FORBIDDEN","403","{""message"":""Access denied to modify user 24048"",""error"":""Forbidden"",""statusCode"":403}"	Ok por Front
"21465","3","FORBIDDEN","403","{""message"":""Access denied to modify user 24666"",""error"":""Forbidden"",""statusCode"":403}"	Ok por Front

"5089","3","NOT_FOUND","404","{""message"":""Geofence 20154 not found"",""error"":""Not Found"",""statusCode"":404}"	No Permite
"6421","3","FAILED","500","{""statusCode"":500,""message"":""Internal server error""}"	No permite.
"20030","3","NOT_FOUND","404","{""message"":""Geofence 20010 not found"",""error"":""Not Found"",""statusCode"":404}"	No permite
"20254","3","NOT_FOUND","404","{""message"":""Geofence 20050 not found"",""error"":""Not Found"",""statusCode"":404}"	No permite
"20577","3","FAILED","500","{""statusCode"":500,""message"":""Internal server error""}"	No permite
"6356","3","NOT_FOUND","404","{""message"":""Geofence 20192 not found"",""error"":""Not Found"",""statusCode"":404}"	No permite
"2598","3","NOT_FOUND","404","{""message"":""Geofence 20260 not found"",""error"":""Not Found"",""statusCode"":404}"	No permite
